{"description":"Price of kiwi shoul be $14.00|Enter Kiwi product|Enter Kiwi product","passed":false,"pending":false,"os":"Windows NT","instanceId":6400,"browser":{"name":"chrome","version":"78.0.3904.108"},"message":["Expected '$14.00' to equal '$15.00'."],"trace":["Error: Failed expectation\n    at UserContext.<anonymous> (C:\\Users\\ankit.deswal\\Desktop\\Personel projects\\describe\\specs.js.js:34:37)\n    at C:\\Users\\ankit.deswal\\AppData\\Roaming\\npm\\node_modules\\protractor\\node_modules\\jasminewd2\\index.js:112:25\n    at new ManagedPromise (C:\\Users\\ankit.deswal\\AppData\\Roaming\\npm\\node_modules\\protractor\\node_modules\\selenium-webdriver\\lib\\promise.js:1077:7)\n    at ControlFlow.promise (C:\\Users\\ankit.deswal\\AppData\\Roaming\\npm\\node_modules\\protractor\\node_modules\\selenium-webdriver\\lib\\promise.js:2505:12)\n    at schedulerExecute (C:\\Users\\ankit.deswal\\AppData\\Roaming\\npm\\node_modules\\protractor\\node_modules\\jasminewd2\\index.js:95:18)\n    at TaskQueue.execute_ (C:\\Users\\ankit.deswal\\AppData\\Roaming\\npm\\node_modules\\protractor\\node_modules\\selenium-webdriver\\lib\\promise.js:3084:14)\n    at TaskQueue.executeNext_ (C:\\Users\\ankit.deswal\\AppData\\Roaming\\npm\\node_modules\\protractor\\node_modules\\selenium-webdriver\\lib\\promise.js:3067:27)\n    at asyncRun (C:\\Users\\ankit.deswal\\AppData\\Roaming\\npm\\node_modules\\protractor\\node_modules\\selenium-webdriver\\lib\\promise.js:2974:25)\n    at C:\\Users\\ankit.deswal\\AppData\\Roaming\\npm\\node_modules\\protractor\\node_modules\\selenium-webdriver\\lib\\promise.js:668:7"],"browserLogs":[],"screenShotFile":"images\\00220009-00d4-0066-00a7-003b009800e6.png","timestamp":1575806797009,"duration":653}
