{"description":"Get the count of all elements|Enter Kiwi product","passed":true,"pending":false,"os":"Windows NT","instanceId":6400,"browser":{"name":"chrome","version":"78.0.3904.108"},"message":"Passed.","trace":"","browserLogs":[{"level":"SEVERE","message":"http://www.learnautomationqa.com/favicon.ico - Failed to load resource: the server responded with a status of 404 (Not Found)","timestamp":1575806793577,"type":""}],"screenShotFile":"images\\005e00d8-0056-0029-001c-008a0062008f.png","timestamp":1575806791637,"duration":2295}
