{"description":"Price of item Kiwishould be $14.00|Read Excel Data","passed":true,"pending":false,"os":"Windows NT","instanceId":27784,"browser":{"name":"chrome","version":"78.0.3904.108"},"message":"Passed.","trace":"","browserLogs":[{"level":"SEVERE","message":"http://www.learnautomationqa.com/favicon.ico - Failed to load resource: the server responded with a status of 404 (Not Found)","timestamp":1576071430430,"type":""}],"screenShotFile":"screenshots\\002f0054-0072-00c4-0091-00df00e60082.png","timestamp":1576071425892,"duration":4811}
